Marchelle Engall,899 High Crossing Road,Greensboro,North Carolina,88124,336-120-5512
Cam Pickover,0 Division Center,Stockton,California,94792,209-164-1442
El Seebert,272 Jay Drive,Brea,California,91533,818-701-2078
Patsy Burgoyne,82 Erie Plaza,Birmingham,Alabama,92427,205-786-7961
Gwynne Garnar,877 Claremont Alley,Los Angeles,California,91383,213-206-1138
Leontine Greg,2 Spohn Trail,Orlando,Florida,94947,407-292-1149
Leisha Phillip,0967 Mitchell Center,Palmdale,California,96705,661-266-5075
Murray Vivash,5700 Johnson Place,Omaha,Nebraska,55744,402-666-8334
Barty Siemons,7 Fordem Way,Portland,Oregon,69472,503-940-0924
Gonzalo Blazey,3807 Prairieview Trail,Birmingham,Alabama,99906,205-998-8503
Ciel Kighly,435 Redwing Pass,San Jose,California,61234,408-397-9659
Alvy Perrelle,798 Homewood Alley,Garland,Texas,83880,214-864-9850
Valeria Spinks,36 Shoshone Way,Louisville,Kentucky,97052,502-589-5903
Lorilee Scholtz,1 Hollow Ridge Crossing,El Paso,Texas,95872,915-292-9942
Daryl Chansonnau,5052 Donald Circle,Atlanta,Georgia,88299,404-485-3683
Barrie Castilljo,3737 Northland Trail,Inglewood,California,94005,310-345-2046
Wilton Schiell,1249 Cascade Circle,Young America,Minnesota,91586,952-175-3216
Tam Eyers,0255 Graedel Center,Tucson,Arizona,90899,520-536-0216
Evangeline Leve,6479 Lillian Park,Topeka,Kansas,85988,785-146-8921
Maryjane Noraway,615 Fairfield Way,Orlando,Florida,98462,321-110-7076
